{"cameraMode":{"drawMode":0,"name":"Shaded","section":"Shading Mode"},"sceneLighting":false,"audioPlay":false,"sceneViewState":{"m_AlwaysRefresh":false,"showFog":true,"showSkybox":false,"showFlares":true,"showImageEffects":true,"showParticleSystems":true,"showVisualEffectGraphs":true,"m_FxEnabled":true},"in2DMode":false,"pivot":{"x":-1.558568000793457,"y":-7.3581390380859379,"z":-51.08785629272461},"rotation":{"x":0.007959411479532719,"y":-0.9812624454498291,"z":0.18801413476467133,"w":0.041522953659296039},"size":43.095916748046878,"orthographic":false}