{"cameraMode":{"drawMode":0,"name":"Shaded","section":"Shading Mode"},"sceneLighting":false,"audioPlay":false,"sceneViewState":{"m_AlwaysRefresh":false,"showFog":true,"showSkybox":false,"showFlares":true,"showImageEffects":true,"showParticleSystems":true,"showVisualEffectGraphs":true,"m_FxEnabled":true},"in2DMode":false,"pivot":{"x":0.0030755996704101564,"y":0.19999998807907105,"z":6.1974077224731449},"rotation":{"x":0.607775866985321,"y":-0.0416426919400692,"z":0.031940292567014697,"w":0.7923771739006043},"size":9.353659629821778,"orthographic":false}