{"cameraMode":{"drawMode":0,"name":"Shaded","section":"Shading Mode"},"sceneLighting":false,"audioPlay":false,"sceneViewState":{"m_AlwaysRefresh":false,"showFog":true,"showSkybox":false,"showFlares":true,"showImageEffects":true,"showParticleSystems":true,"showVisualEffectGraphs":true,"m_FxEnabled":true},"in2DMode":false,"pivot":{"x":-5.5251922607421879,"y":-10.87783432006836,"z":38.71333694458008},"rotation":{"x":-0.21563152968883515,"y":0.06382233649492264,"z":-0.014123278670012951,"w":-0.9742915630340576},"size":27.450815200805665,"orthographic":false}